{
  "best_epoch": 1,
  "best_validation_metric": 0.6256109481915934,
  "test_metrics": {
    "accuracy": 0.9990234375,
    "precision": 0.0,
    "recall": 0.0,
    "f1_score": 0.0,
    "balanced_accuracy": 0.5,
    "auc_roc": 0.044965786901270774,
    "average_precision": 0.0010224948875255625
  },
  "duration_seconds": 30.14724588394165,
  "model_path": "artifacts/ViT-B_16/ViT-B_16_trial_001/best_model.pt",
  "history_path": "artifacts/ViT-B_16/ViT-B_16_trial_001/history.csv"
}