model_name,feature_set,best_average_precision,average_precision,balanced_accuracy,accuracy,precision,recall,f1_score,auc_roc,best_child_run_name
logistic_regression,oracle,0.9999999999999999,0.9999999999999999,1.0,1.0,1.0,1.0,1.0,1.0,logistic_regression_trial_003
mlp,oracle,0.9999999999999998,0.9999999999999998,1.0,1.0,1.0,1.0,1.0,1.0,mlp_trial_003
svm,oracle,0.9999999999999998,0.9999999999999998,1.0,1.0,1.0,1.0,1.0,1.0,svm_trial_003
xgboost,strict,0.00875533957353636,0.00875533957353636,0.621651630746163,0.8125467511095597,0.0022628951747088186,0.43037974683544306,0.004502118644067797,0.6551228835225994,xgboost_trial_001
catboost,strict,0.007717637461805872,0.007717637461805872,0.6729712169973117,0.7382187203909639,0.0022840827980014277,0.6075949367088608,0.004551057172655732,0.7294869115538456,catboost_trial_001
