{
  "best_epoch": 1,
  "best_validation_metric": 0.9853372434017595,
  "test_metrics": {
    "accuracy": 0.9990234375,
    "precision": 0.0,
    "recall": 0.0,
    "f1_score": 0.0,
    "balanced_accuracy": 0.5,
    "auc_roc": 0.27956989247311825,
    "average_precision": 0.0013550135501355014
  },
  "duration_seconds": 13.090083599090576,
  "model_path": "artifacts/ResNet-50/ResNet-50_trial_001/best_model.pt",
  "history_path": "artifacts/ResNet-50/ResNet-50_trial_001/history.csv"
}