{
  "model_name": "catboost",
  "hyperparameters": {
    "feature_set": "relaxed",
    "model_name": "catboost",
    "iterations": 300,
    "depth": 6,
    "learning_rate": 0.05,
    "seed": 43
  },
  "split_summary": {
    "num_train_rows": 256677,
    "num_val_rows": 64170,
    "num_test_rows": 80212,
    "num_train_positive": 251,
    "num_val_positive": 63,
    "num_test_positive": 79,
    "numeric_columns": [
      "tbp_lv_dnn_lesion_confidence"
    ],
    "categorical_columns": [
      "attribution",
      "copyright_license",
      "lesion_id"
    ]
  },
  "metrics": {
    "train": {
      "accuracy": 0.9748633496573514,
      "precision": 0.03716972682489924,
      "recall": 0.9920318725099602,
      "f1_score": 0.0716546762589928,
      "auc_roc": 0.9988552105291173,
      "average_precision": 0.8600593472821907,
      "balanced_accuracy": 0.9834392084660664
    },
    "val": {
      "accuracy": 0.9609786504597164,
      "precision": 0.023800234100663287,
      "recall": 0.9682539682539683,
      "f1_score": 0.046458492003046456,
      "auc_roc": 0.9903556578646662,
      "average_precision": 0.10073597527921674,
      "balanced_accuracy": 0.9646127345130574
    },
    "test": {
      "accuracy": 0.960429860868698,
      "precision": 0.022229083050324176,
      "recall": 0.9113924050632911,
      "f1_score": 0.0433996383363472,
      "auc_roc": 0.9878074536526062,
      "average_precision": 0.08920525829227204,
      "balanced_accuracy": 0.9359353050237524
    }
  },
  "duration_seconds": 7.9742536544799805
}