{
  "best_epoch": 5,
  "best_validation_metric": 0.9340238818985684,
  "test_metrics": {
    "accuracy": 0.9990169380444976,
    "precision": 0.0,
    "recall": 0.0,
    "f1_score": 0.0,
    "balanced_accuracy": 0.4999943447230611,
    "auc_roc": 0.907280353646825,
    "average_precision": 0.04497098315945555
  },
  "duration_seconds": 14715.263271331787,
  "model_path": "artifacts/BioMedCLIP/BioMedCLIP_trial_001/best_model.pt",
  "history_path": "artifacts/BioMedCLIP/BioMedCLIP_trial_001/history.csv"
}